{"updateFrequency":60,"enableSkyblock":true,"apiKey":"67c5f2af-bdab-401a-929f-c9d0759440bc","webhookUrl":"https://discord.com/api/webhooks/1199940217235316789/TpHXsZ2NVXFIQlY18Ik-9AC6hPwcaOoV4mIgKC0YClSL3_jIYgjximg2VC_EWRPN_2Tk","webhookContent":"\u003c@680188848331817151\u003e","requestDelayMs":400000,"players":[{"uuid":"21716812671b4624a16ed4dd385643bd","note":"6799D6 Protector Dragon Chestplate/Boots + Yellow Prot Legs","isOnline":false,"useSkyblockAPI":true,"onlineStatus":"RATE LIMITED","lastSuccessfulStatus":"OFFLINE"},{"uuid":"8c25fd35101945778fa4303f4b8978df","note":"6699D7 Protector Dragon Chestplate","isOnline":false,"useSkyblockAPI":true,"onlineStatus":"RATE LIMITED","lastSuccessfulStatus":"OFFLINE"},{"uuid":"f93b1e38789b466a8db707b3836d5482","note":"Full Set of Light Blue Protector - NEED CHESTPLATE","isOnline":false,"useSkyblockAPI":true,"onlineStatus":"RATE LIMITED","lastSuccessfulStatus":"OFFLINE"},{"uuid":"ae4d6c9551d64c16b34d009119282d0e","note":"Pure Blue Protector Chestplate","isOnline":false,"useSkyblockAPI":true,"onlineStatus":"RATE LIMITED","lastSuccessfulStatus":"OFFLINE"},{"uuid":"074c1e555b824fb0adbb6b456948a01c","note":"Dark Purple Unstable Boots","isOnline":false,"useSkyblockAPI":true,"onlineStatus":"RATE LIMITED","lastSuccessfulStatus":"OFFLINE"},{"uuid":"cb282fdd9b6f4629a8380b23964a4a2a","note":"possible light blue protector Chestplate API off","isOnline":false,"useSkyblockAPI":true,"onlineStatus":"RATE LIMITED","lastSuccessfulStatus":"OFFLINE"},{"uuid":"f4a36f76674246289d125188acac9903","note":"Possible Light Blue Protector Dragon Chestplate, API off","isOnline":false,"useSkyblockAPI":true,"onlineStatus":"RATE LIMITED","lastSuccessfulStatus":"OFFLINE"}],"Parent":{}}